Author,Message,Timestamp
ropf,"Hello, BDSA students!",1690891760
adho,"Welcome to the course!",1690978778
adho,"I hope you had a good summer.",1690979858
ropf,"Cheeping cheeps on Chirp :)",1690981487
ronas,First message using SimpleDB!,1725519467
ronas,Confirmed!,1725563201
ssxjs,This is a test,1726579511
ssxjs,"Hello, world!",1726663099
ssxjs,"Hello, world!",1727100772
ssxjs,"Hello, world!",1727100815
ssxjs,This is my first webcheep,1727118218
ssxjs,This is my 2nd webcheep,1727119427
Jake,"Hello, world!",1727176468
Jake,"Hello, world!",1727176535
Jake,"Hello, world!",1727266593
Jake,"Hello, world!",1727266767